Workbook

Sheet Unmapped TCINs
A1: TCIN | B1: Description | C1: Dept/Class (DPCI) | D1: Launch Status | E1: Shipcast Item Group | F1: 6mo Units (Sep26-Feb27) | G1: Notes | H1: Manufacturer Style (Target item master) | I1: Recommended product_category | J1: Recommended product_sub_category | K1: Confidence | L1: Basis / Precedent | M1: Flag
A2: 1011278742 | B2: Biom Sanitizing Go-Pack Holiday Bergamot Bloom - Hand Wipes - 20ct | C2: 253/4 (253-04-0113) | D2: READY_FOR_ORDER, launches 2026-11-08 | E2: D253-C4 | F2: 102672 | G2: Largest volume in this set | H2: P-20WIP-SAN-BER-TRV | I2: Personal Care | J2: Sanitizing | K2: DECISION NEEDED | L2: Style matches %WIP-SAN-%. Direct precedent: P-20WIP-SAN-STL-TRV (TCIN 94979716), same 20ct go-pack form in the same dept/class 253-4, is Personal Care / Sanitizing. The BER scent code is already classified Sanitizing on CSP-WIP-SAN-BER-TRV-40. | M2: COLLISION: in the locked CASE, the product_title LIKE '%Holiday%' branch sits ABOVE the %WIP-SAN-% branch. Run as-is against this Target description and you get Other / Holiday & Seasonal, not Sanitizing. 102,672 units - 25% of this set - turns on the call. See 'Judgment Calls'.
A3: 1011824789 | B3: Biom Pine Forest Disinfecting Wipes Refill All-Purpose Cleaners - 60ct | C3: 3/2 (003-02-0180) | D3: READY_FOR_ORDER, launches 2026-11-08 | E3: D3-C2 | F3: 47580 | H3: P-60WIP-DSN-PIN | I3: Cleaning | J3: DSN | K3: High | L3: Style matches %WIP-DSN-%. Precedents P-60WIP-DSN-ALP (TCIN 94928289) and P-60WIP-DSN-CIT (TCIN 94928292), both dept/class 3-2, are Cleaning / DSN. | M3: Target's own class label reads 'All-Purpose Cleaners' - ignore it. The Biom style says DSN, and the taxonomy splits APC from DSN on the style, not on Target's merchandising label.
A4: 1012188490 | B4: Biom Little Mess Baby Wipes Go-Pack Unscented - 30ct | C4: 7/8 (007-08-0147) | D4: READY_FOR_ORDER, launches 2026-11-08 | E4: D7 | F4: 45696 | G4: Item master flags in_forecast=False but a live forecast exists | H4: P-30WIP-LIT-FRA | I4: Personal Care | J4: Baby | K4: High | L4: Precedent: P-40WIP-LIT-FRA (TCIN 1010810949), the same Little Mess line in the same dept/class 7-8, is Personal Care / Baby. | M4: FRAGILE: the LIT (Little Mess) style has no SKU-pattern branch of its own - it only classifies through the product_title LIKE '%Baby%' leg. Keep 'Baby' in the title you load, or it falls to Other / Unassigned. That is exactly why the three K-40WIP-LIT-FRA-*PK rows sit in Unassigned today.
A5: 1012188491 | B5: Biom Baby Wipes Go-Pack Unscented - 30ct | C5: 7/7 (007-07-0097) | D5: READY_FOR_ORDER, launches 2026-11-08 | E5: D7 | F5: 44232 | G5: Item master flags in_forecast=False but a live forecast exists | H5: P-30WIP-BAB-FRA | I5: Personal Care | J5: Baby | K5: High | L5: Style matches %WIP-BAB-%. Precedent: P-60WIP-BAB-FRA (TCIN 94799737), same dept/class 7-7, is Personal Care / Baby.
A6: 1012914812 | B6: Biom Santal Escape Cleaning Wipe Go-Pack All-Purpose Cleaners - 20ct | C6: 3/2 (003-02-6507) | D6: READY_FOR_ORDER, launches 2027-02-21 | E6: D3-C2 | F6: 0 | G6: Pre-launch, no volume yet | H6: P-20WIP-AP-STL-TRV | I6: Cleaning | J6: APC | K6: High | L6: Style matches %WIP-AP-%. Precedents P-60WIP-AP-STL (TCIN 89854826) and the CSP-WIP-ALL-STL-TRV-40 travel pack are both Cleaning / APC.
A7: 1012914813 | B7: Biom Fresh Citrus Disinfecting Wipe Go-Pack All-Purpose Cleaners - 20ct | C7: 3/2 (003-02-0555) | D7: READY_FOR_ORDER, launches 2027-02-21 | E7: D3-C2 | F7: 0 | G7: Pre-launch, no volume yet | H7: P-20WIP-DSN-CIT-TRV | I7: Cleaning | J7: DSN | K7: High | L7: Style matches %WIP-DSN-%. Precedent: P-60WIP-DSN-CIT (TCIN 94928292), same scent and form family, is Cleaning / DSN. | M7: Same label trap as 1011824789 - the description says 'All-Purpose Cleaners' but the style is DSN. These two go-packs are the disinfecting pair, not APC.
A8: 89854824 | B8: Biom Grapefruit Zest All Purpose Cleaning Wipes Refill - 60ct | C8: 3/2 (003-02-7792) | D8: READY_FOR_LAUNCH, launched 2024-04-28 | E8: D3-C2 | F8: 0 | G8: Launched 2+ years ago, no recent BPD signal | H8: P-60WIP-AP-GRA | I8: Cleaning | J8: APC | K8: High | L8: Style matches %WIP-AP-%. Sibling from the same 2024 launch cohort, P-60WIP-AP-LAV (TCIN 89854822), is Cleaning / APC. | M8: ROOT CAUSE: MODEL NUMBER is an empty string in the Target item master (bpd_raw.wkly_tcin_item), which is almost certainly why this one never mapped. The style shown here was recovered from the inventory feed (bpd_raw.daily_inv_tcin_loc).
A9: 95285660 | B9: Biom Flushable Personal Wipes Fragrance Free - 120ct | C9: 253/6 (253-06-1801) | D9: READY_FOR_ORDER, launches 2026-10-11 | E9: NONE CONFIGURED | F9: 126000 | G9: 2nd largest volume; no Shipcast item_group exists for dept/class 253-6 | H9: P-60WIP-FLU-FRA-2PK | I9: Personal Care | J9: Flushable | K9: High | L9: Style matches %WIP-FLU-%. Precedents CSP-WIP-FLU-FRA-30 and P-60WIP-FLU-FRA are Personal Care / Flushable. | M9: The feeds disagree on style and count - item master says P-60WIP-FLU-FRA-2PK / 120ct, inventory also carries P-60WIP-FLU-FRA / 60ct. That is the casepack mismatch in your notes; it does not change the category, both map to Flushable.
A10: 95285661 | B10: Biom Flushable Personal Wipes Unscented - 180ct | C10: 253/6 (253-06-0085) | D10: READY_FOR_ORDER, launches 2026-10-11 | E10: NONE CONFIGURED | F10: 1476 | G10: No item_group; casepack mismatch also flagged (Target 4-pack vs RDZ base-item units) | H10: K-60WIP-FLU-FRA-3Pk | I10: Personal Care | J10: Flushable | K10: High | L10: K- prefix but no kit word in the title and no DIS in the style, so it falls past every kit branch to %WIP-FLU-%. Its Shopify twin K-60WIP-FLU-FRA-3PK is Personal Care / Flushable. | M10: Target stores this style with a lowercase k ('3Pk') where Shopify has '3PK'. Harmless for the LIKE patterns, but it will break any exact-string join on the style.
A11: 95285662 | B11: Biom White Flushable One Handed Kit Personal Wipes Unscented - 120ct | C11: 253/6 (253-06-4305) | D11: READY_FOR_ORDER, launches 2026-10-11 | E11: NONE CONFIGURED | F11: 35496 | G11: No item_group exists for dept/class 253-6 | H11: K-DIS-2FLU-WHI | I11: Personal Care | J11: Bundles & Kits | K11: DECISION NEEDED | L11: Closest precedent is the Shopify twin of this exact construction - K-DIS-WHI-FLU-FRA 'Flushable Wipes Starter Kit - Biom Home Dispenser' - which is Personal Care / Bundles & Kits. | M11: COLLISION: the locked CASE matches this on K-%DIS-%FLU-% and returns Other / Bundles & Kits, parking 35,496 units of flushable wipes under Other. The baby equivalent (K-DIS-2BAB-WHI) only escapes that because of an explicit carve-out branch; flushable has none. See 'Judgment Calls'.
E12: Total | F12: =SUM(F2:F11)
A14: Highlighted rows need a human call before loading - see the 'Judgment Calls' tab. Every other row is what the locked SKU-pattern taxonomy in canvas_delta.py returns for that manufacturer style, confirmed against an existing product already carrying that category.

Sheet Summary
A1: Summary
A3: Total TCINs unmapped in dim_product | B3: 10
A4: Total 6-month units (Sep 2026 - Feb 2027) | B4: ='Unmapped TCINs'!F12
A5: % of full Target 6-month window (1,282,826 units) | B5: =B4/1282826
A6: TCINs with no Shipcast item_group at all | B6: 3 (95285660, 95285661, 95285662 - dept/class 253-6)
A7: Rows recommended with high confidence | B7: =COUNTIF('Unmapped TCINs'!K2:K11,"High")
A8: Rows needing a human call | B8: =COUNTIF('Unmapped TCINs'!K2:K11,"DECISION NEEDED")
A9: Action needed | B9: Load the recommended category/sub-category below; settle the 2 flagged rows first
A11: Recommended assignment - units and item count
A12: product_category | B12: product_sub_category | C12: TCINs | D12: 6mo Units | E12: % of set
A13: Cleaning | B13: APC | C13: =COUNTIFS('Unmapped TCINs'!$I$2:$I$11,$A13,'Unmapped TCINs'!$J$2:$J$11,$B13) | D13: =SUMIFS('Unmapped TCINs'!$F$2:$F$11,'Unmapped TCINs'!$I$2:$I$11,$A13,'Unmapped TCINs'!$J$2:$J$11,$B13) | E13: =IFERROR(D13/$D$19,0)
A14: Cleaning | B14: DSN | C14: =COUNTIFS('Unmapped TCINs'!$I$2:$I$11,$A14,'Unmapped TCINs'!$J$2:$J$11,$B14) | D14: =SUMIFS('Unmapped TCINs'!$F$2:$F$11,'Unmapped TCINs'!$I$2:$I$11,$A14,'Unmapped TCINs'!$J$2:$J$11,$B14) | E14: =IFERROR(D14/$D$19,0)
A15: Personal Care | B15: Baby | C15: =COUNTIFS('Unmapped TCINs'!$I$2:$I$11,$A15,'Unmapped TCINs'!$J$2:$J$11,$B15) | D15: =SUMIFS('Unmapped TCINs'!$F$2:$F$11,'Unmapped TCINs'!$I$2:$I$11,$A15,'Unmapped TCINs'!$J$2:$J$11,$B15) | E15: =IFERROR(D15/$D$19,0)
A16: Personal Care | B16: Bundles & Kits | C16: =COUNTIFS('Unmapped TCINs'!$I$2:$I$11,$A16,'Unmapped TCINs'!$J$2:$J$11,$B16) | D16: =SUMIFS('Unmapped TCINs'!$F$2:$F$11,'Unmapped TCINs'!$I$2:$I$11,$A16,'Unmapped TCINs'!$J$2:$J$11,$B16) | E16: =IFERROR(D16/$D$19,0)
A17: Personal Care | B17: Flushable | C17: =COUNTIFS('Unmapped TCINs'!$I$2:$I$11,$A17,'Unmapped TCINs'!$J$2:$J$11,$B17) | D17: =SUMIFS('Unmapped TCINs'!$F$2:$F$11,'Unmapped TCINs'!$I$2:$I$11,$A17,'Unmapped TCINs'!$J$2:$J$11,$B17) | E17: =IFERROR(D17/$D$19,0)
A18: Personal Care | B18: Sanitizing | C18: =COUNTIFS('Unmapped TCINs'!$I$2:$I$11,$A18,'Unmapped TCINs'!$J$2:$J$11,$B18) | D18: =SUMIFS('Unmapped TCINs'!$F$2:$F$11,'Unmapped TCINs'!$I$2:$I$11,$A18,'Unmapped TCINs'!$J$2:$J$11,$B18) | E18: =IFERROR(D18/$D$19,0)
B19: Total | C19: =SUM(C13:C18) | D19: =SUM(D13:D18) | E19: =SUM(E13:E18)
A21: Parent category rollup: Personal Care takes 6 of the 10 items, Cleaning 4. Both flagged rows sit in Personal Care under the recommendation; the locked logic as written would move both to Other, which is what makes them worth settling deliberately.

Sheet Judgment Calls
A1: Two rows need a human call before loading
A2: Both are cases where the locked SKU-pattern CASE in canvas_delta.py returns a category that is defensible as code but wrong as merchandising. Applying the logic blindly moves 138,168 units - 34% of this set - into 'Other'.
A5: 1011278742 - Sanitizing Go-Pack Holiday Bergamot Bloom, 20ct (102,672 units)
A6: What the locked CASE returns | B6: Other / Holiday & Seasonal | C6: The product_title LIKE '%Holiday%' branch is evaluated before the %WIP-SAN-% branch, so the word 'Holiday' in the Target description wins over the SAN style code.
A7: RECOMMENDED | B7: Personal Care / Sanitizing | C7: This is a standard 20ct sanitizing hand-wipe go-pack in a seasonal scent, not a seasonal gift item. Its dept/class twin P-20WIP-SAN-STL-TRV is Personal Care / Sanitizing, and the BER scent is already Sanitizing on CSP-WIP-SAN-BER-TRV-40. Every existing Holiday & Seasonal row is a K-HOL- gifting bundle, which this is not.
A8: Cost of getting it wrong | B8: 102,672 units | C8: Taking the CASE output pulls the single largest item in this set out of Personal Care / Sanitizing and into Other, which will show up as a hole in Target Personal Care sell-through from Nov 2026.
A9: If you want the seasonal cut anyway | B9: Keep Sanitizing, flag separately | C9: Product form and seasonality are different questions. If holiday editions need to be trackable, a separate flag is cleaner than spending the form category on it.
A11: 95285662 - White Flushable One Handed Kit, 120ct (35,496 units)
A12: What the locked CASE returns | B12: Other / Bundles & Kits | C12: Style K-DIS-2FLU-WHI matches the K-%DIS-%FLU-% branch, which resolves to Other. Its baby counterpart K-DIS-2BAB-WHI avoids this only because of an explicit carve-out branch ('title has Baby AND sku LIKE K-DIS-%BAB-%') added for baby; flushable never got one.
A13: RECOMMENDED | B13: Personal Care / Bundles & Kits | C13: Matches the Shopify twin of the identical construction - K-DIS-WHI-FLU-FRA 'Flushable Wipes Starter Kit - Biom Home Dispenser' - which is Personal Care / Bundles & Kits. Keeps the dispenser-plus-wipes entry SKU visible as a kit while holding the units in Personal Care.
A14: Alternative | B14: Personal Care / Flushable | C14: Mirrors the baby treatment - K-DIS-2BAB-WHI is Personal Care / Baby, classified by wipe type rather than by kit-ness. Pick this if you want all of dept/class 253-6 to read as one form in sell-through.
A15: Either way | B15: Parent = Personal Care | C15: Both options agree the parent is Personal Care, so category-level reporting is unaffected by which sub-category you pick. Only leaving it to the CASE default puts it in Other.

Sheet Method & Valid Values
A1: How these recommendations were derived
A3: 1. Confirmed none of the 10 TCINs exist in biom_canvas.dim_product at any version (is_current TRUE or FALSE). They are genuinely absent, not mis-categorised.
A5: 2. Recovered each item's Biom manufacturer style from the Target item master (bpd_raw.wkly_tcin_item, MODEL NUMBER) and cross-checked it against the inventory feed (bpd_raw.daily_inv_tcin_loc, MANUFACTURER_STYLE). All 10 have one; 89854824's is blank in the item master and was recovered from inventory only.
A7: 3. Ran each style through the locked, priority-ordered SKU-pattern CASE that dim_product itself uses (pipelines/canvas/canvas_delta.py, get_source_dim_product), including the 2026-07-21 kit reclassification.
A9: 4. Validated every result against an existing dim_product row already carrying that category - preferring a product in the same Target dept/class where one exists. Those precedents are named per row on the first tab.
A11: 5. Flagged the two rows where the CASE output and the merchandising reality disagree. Nothing here was assigned from the description text alone.
A15: Note: the taxonomy keys off the manufacturer style, not Target's dept/class or class description. Target labels both go-pack disinfecting SKUs 'All-Purpose Cleaners'; the styles say DSN, and DSN is what the taxonomy means.
A18: Valid product_category / product_sub_category pairs in dim_product today
A20: product_category | B20: product_sub_category | C20: Products (current) | D20: Used in this set
A21: Cleaning | B21: APC | C21: 119 | D21: =COUNTIFS('Unmapped TCINs'!$I$2:$I$11,$A21,'Unmapped TCINs'!$J$2:$J$11,$B21)
A22: Cleaning | B22: Bundles & Kits | C22: 151 | D22: =COUNTIFS('Unmapped TCINs'!$I$2:$I$11,$A22,'Unmapped TCINs'!$J$2:$J$11,$B22)
A23: Cleaning | B23: DSN | C23: 25 | D23: =COUNTIFS('Unmapped TCINs'!$I$2:$I$11,$A23,'Unmapped TCINs'!$J$2:$J$11,$B23)
A24: Dispensers | B24: Full Size | C24: 41 | D24: =COUNTIFS('Unmapped TCINs'!$I$2:$I$11,$A24,'Unmapped TCINs'!$J$2:$J$11,$B24)
A25: Dispensers | B25: Mini | C25: 28 | D25: =COUNTIFS('Unmapped TCINs'!$I$2:$I$11,$A25,'Unmapped TCINs'!$J$2:$J$11,$B25)
A26: Other | B26: Accessories | C26: 6 | D26: =COUNTIFS('Unmapped TCINs'!$I$2:$I$11,$A26,'Unmapped TCINs'!$J$2:$J$11,$B26)
A27: Other | B27: Bundles & Kits | C27: 54 | D27: =COUNTIFS('Unmapped TCINs'!$I$2:$I$11,$A27,'Unmapped TCINs'!$J$2:$J$11,$B27)
A28: Other | B28: Holiday & Seasonal | C28: 4 | D28: =COUNTIFS('Unmapped TCINs'!$I$2:$I$11,$A28,'Unmapped TCINs'!$J$2:$J$11,$B28)
A29: Other | B29: Unassigned | C29: 8 | D29: =COUNTIFS('Unmapped TCINs'!$I$2:$I$11,$A29,'Unmapped TCINs'!$J$2:$J$11,$B29)
A30: Personal Care | B30: Baby | C30: 38 | D30: =COUNTIFS('Unmapped TCINs'!$I$2:$I$11,$A30,'Unmapped TCINs'!$J$2:$J$11,$B30)
A31: Personal Care | B31: Body Care | C31: 8 | D31: =COUNTIFS('Unmapped TCINs'!$I$2:$I$11,$A31,'Unmapped TCINs'!$J$2:$J$11,$B31)
A32: Personal Care | B32: Bundles & Kits | C32: 135 | D32: =COUNTIFS('Unmapped TCINs'!$I$2:$I$11,$A32,'Unmapped TCINs'!$J$2:$J$11,$B32)
... A34: Personal Care | B34: Sanitizing | C34: 79 | D34: =COUNTIFS('Unmapped TCINs'!$I$2:$I$11,$A34,'Unmapped TCINs'!$J$2:$J$11,$B34)
B35: Total | C35: =SUM(C21:C34) | D35: =SUM(D21:D34)
A37: Counts are current rows in biom_canvas.dim_product WHERE is_current = TRUE, read 2026-09-11. 'Other / Unassigned' is not a target - it is where things land when nothing matches.
